Model,k,Precision,Recall,F1,MRR,nDCG,Diversity
collaborative-filtering,1,0.4180327868852459,0.010946619222213657,0.02088980455460788,0.4180327868852459,0.4180327868852459,1.0
collaborative-filtering,3,0.39234972677595625,0.030216469225877896,0.05304537521014047,0.5330601092896176,0.3979395065235666,1.0
collaborative-filtering,5,0.37540983606557343,0.04705845775682858,0.07675347435024392,0.5560109289617484,0.38465933825417403,1.0
