Model,k,Precision,Recall,F1,MRR,nDCG,Diversity
content-based,1,0.03770491803278689,0.0007530686560165129,0.001459099998977887,0.03770491803278689,0.03770491803278689,1.0
content-based,3,0.034426229508196717,0.0020681004089822233,0.003710845140348705,0.05901639344262294,0.034792636941319365,1.0
content-based,5,0.03540983606557374,0.003284885840106607,0.005569984759945373,0.0689344262295082,0.03550687491103655,1.0
